iter,time,total_time,circuit_size,cross_entropy_D,cross_entropy_Df,train_discrimination,valid_discrimination,test_discrimination,train_mll,valid_mll,test_mll,struct?,stop?,P(D),P(Df),P(S),"P(D|Df,S)","P(D|Df,notS)","P(D|notDf,S)","P(D|notDf,notS)"
0,0.063206354,0.063206354,181,0.20141195219581243,0.20141195219581243,-0.0246387793034909,-0.02889570190121249,-0.03770031319501321,-3.9321861974056005,-3.964073261796808,-3.9141835326930274,true,,0.8752812397300098,0.0,0.6782491088808555,0.0,0.0,0.0,0.0
1,4.779135473,4.842341827,183,0.20141195219581243,0.20141195219581243,-0.0246387793034909,-0.02889570190121249,-0.03770031319501321,-3.9321861974056005,-3.964073261796808,-3.9141835326930274,true,,0.8752812397300098,0.0,0.6782491088808555,0.0,0.0,0.0,0.0
2,0.105565235,4.9479070620000005,185,0.20141194926798597,0.20141194926798597,-0.02463879033398264,-0.028895714183863608,-0.037700325069445983,-3.9321861974056005,-3.964073261796808,-3.9141835326930274,true,,0.8752812397300098,0.0,0.6782491088808555,0.0,0.0,0.0,0.0
3,0.531262178,5.479169240000001,187,0.20141189365580145,0.20141189365580145,-0.024639089186992758,-0.0288960209023299,-0.03770053729810541,-3.9321861974089427,-3.964073437520927,-3.914183379956334,true,,0.8752812397300098,0.0,0.6782491088808555,0.0,0.0,0.0,0.0
4,0.290177444,5.769346684000001,188,0.20141442223380338,0.20141442223380338,-0.02462182173539773,-0.028880073251317473,-0.03768145297456904,-3.9320663753893346,-3.9641684264498642,-3.914030198056809,true,,0.8752812397300098,0.0,0.6782491088808555,0.0,0.0,0.0,0.0
5,0.236466593,6.0058132770000014,189,0.2009806608724328,0.2009806608724328,-0.023400371702814504,-0.027397499365353628,-0.03634897673571236,-3.93040581014353,-3.9620207393139926,-3.911852146875644,true,,0.8752812397300098,0.0,0.6782491088808555,0.0,0.0,0.0,0.0
6,0.022178047,6.027991324000001,191,0.20098065964409417,0.20098065964409417,-0.02340038608577588,-0.027397514092610042,-0.03634899030904726,-3.93040581014353,-3.9620207393139926,-3.911852146875644,true,,0.8752812397300098,0.0,0.6782491088808555,0.0,0.0,0.0,0.0
7,0.011407761,6.039399085000001,193,0.20098065964409417,0.20098065964409417,-0.02340038608577588,-0.027397514092610042,-0.03634899030904726,-3.93040581014353,-3.9620207393139926,-3.911852146875644,true,,0.8752812397300098,0.0,0.6782491088808555,0.0,0.0,0.0,0.0
8,0.011698713,6.051097798000002,195,0.20098069415287023,0.20098069415287023,-0.023400086024188194,-0.027397224794440844,-0.036348782899905285,-3.9304058101144315,-3.9620206337329873,-3.9118523143932573,true,,0.8752812397300098,0.0,0.6782491088808555,0.0,0.0,0.0,0.0
9,0.092880587,6.143978385000001,198,0.20097975848522176,0.20097975848522176,-0.023421015432397607,-0.02741984900041139,-0.03637112099682849,-3.929883445118928,-3.961708988865545,-3.9111432109025004,true,,0.8752812397300098,0.0,0.6782491088808555,0.0,0.0,0.0,0.0
10,0.011040696,6.155019081000002,198,0.20097975848522176,0.20097975848522176,-0.023421015432397607,-0.02741984900041139,-0.03637112099682849,-3.929883445118928,-3.961708988865545,-3.9111432109025004,true,,0.8752812397300098,0.0,0.6782491088808555,0.0,0.0,0.0,0.0
11,0.011969454,6.1669885350000015,200,0.20097975848522176,0.20097975848522176,-0.023421015432397607,-0.02741984900041139,-0.03637112099682849,-3.929883445118928,-3.961708988865545,-3.9111432109025004,true,,0.8752812397300098,0.0,0.6782491088808555,0.0,0.0,0.0,0.0
12,0.031813665,6.198802200000001,202,0.20097980466775267,0.20097980466775267,-0.023420681017416567,-0.02741971450569003,-0.03637085102624227,-3.929883444985569,-3.9617091605459227,-3.911143287166068,true,,0.8752812397300098,0.0,0.6782491088808555,0.0,0.0,0.0,0.0
13,0.009507027,6.208309227000001,202,0.20097980466775267,0.20097980466775267,-0.023420681017416567,-0.02741971450569003,-0.03637085102624227,-3.929883444985569,-3.9617091605459227,-3.911143287166068,true,,0.8752812397300098,0.0,0.6782491088808555,0.0,0.0,0.0,0.0
14,0.010174624,6.218483851000001,203,0.20085646788198544,0.20085646788198544,-0.02314928989485532,-0.027500120853494625,-0.0357725637979317,-3.9293865396045753,-3.9620780545041123,-3.910402818983429,true,,0.8752812397300098,0.0,0.6782491088808555,0.0,0.0,0.0,0.0
15,0.009628546,6.228112397000001,204,0.2008577536182378,0.2008577536182378,-0.023142684885784526,-0.02749267373133346,-0.03576792597974898,-3.92938605733024,-3.962058297920331,-3.9103766766476094,true,,0.8752812397300098,0.0,0.6782491088808555,0.0,0.0,0.0,0.0
16,0.010552602,6.238664999000001,207,0.2008591357700827,0.2008591357700827,-0.023144418175924497,-0.02749453333066343,-0.03576967692207422,-3.9293652129434116,-3.9620475731743365,-3.9104535792920054,true,,0.8752812397300098,0.0,0.6782491088808555,0.0,0.0,0.0,0.0
17,0.021015833,6.259680832000001,208,0.20086820308403877,0.20086820308403877,-0.02313663038108893,-0.027474146524854026,-0.03576419379548401,-3.9293524846335677,-3.9620078157623113,-3.910445273853493,true,,0.8752812397300098,0.0,0.6782491088808555,0.0,0.0,0.0,0.0
18,0.12074655,6.380427382000001,213,0.20069851696442922,0.20069851696442922,-0.02239532093901886,-0.02704955166518097,-0.03485930721312347,-3.9277373845817145,-3.959264812435428,-3.9084762617888726,true,,0.8752812397300098,0.0,0.6782491088808555,0.0,0.0,0.0,0.0
19,0.011181577,6.391608959000001,215,0.20069853860211956,0.20069853860211956,-0.022395363108155264,-0.02704963470226196,-0.03485929634014895,-3.9277373836694003,-3.959264832229797,-3.9084758506528354,true,,0.8752812397300098,0.0,0.6782491088808555,0.0,0.0,0.0,0.0
20,0.083018485,6.474627444000001,216,0.20070313434640846,0.20070313434640846,-0.02239769763118471,-0.027059336466221495,-0.03485824420103378,-3.9277316578652277,-3.959261421127348,-3.9084650958451252,true,,0.8752812397300098,0.0,0.6782491088808555,0.0,0.0,0.0,0.0
21,0.012041764,6.486669208000001,218,0.2007037638255889,0.2007037638255889,-0.02239290517247472,-0.027054280664705277,-0.0348527348040496,-3.927731660522868,-3.959260083613649,-3.908464744031322,true,,0.8752812397300098,0.0,0.6782491088808555,0.0,0.0,0.0,0.0
22,0.011316042,6.497985250000001,220,0.20070309686391152,0.20070309686391152,-0.02239779802532138,-0.02705945796111764,-0.0348583015255729,-3.927731658089834,-3.959261500881845,-3.9084650100997997,true,,0.8752812397300098,0.0,0.6782491088808555,0.0,0.0,0.0,0.0
23,0.029823926,6.527809176000001,223,0.20056256639138048,0.20056256639138048,-0.022749600562081973,-0.02747963206623716,-0.03543763025483326,-3.9275184950545943,-3.958939879089111,-3.9081500774652795,true,,0.8752812397300098,0.0,0.6782491088808555,0.0,0.0,0.0,0.0
24,0.010891511,6.538700687,225,0.20056297678911297,0.20056297678911297,-0.02274629319508703,-0.027475443729826576,-0.035434585341941216,-3.927518492410015,-3.958941644815983,-3.9081504948952763,true,,0.8752812397300098,0.0,0.6782491088808555,0.0,0.0,0.0,0.0
25,0.03551797,6.574218657,231,0.20056378114416668,0.20056378114416668,-0.02274650760651753,-0.027475626498854044,-0.03543486700205378,-3.927516650415864,-3.9589331890696724,-3.9081514964666777,true,,0.8752812397300098,0.0,0.6782491088808555,0.0,0.0,0.0,0.0
26,0.011285617,6.585504274000001,233,0.20056365489714803,0.20056365489714803,-0.022747152738097798,-0.027476318501028718,-0.03543555747170124,-3.9275166492611207,-3.958933136656682,-3.9081504896531607,true,,0.8752812397300098,0.0,0.6782491088808555,0.0,0.0,0.0,0.0
27,0.010124565,6.595628839000001,233,0.20056365489714803,0.20056365489714803,-0.022747152738097798,-0.027476318501028718,-0.03543555747170124,-3.9275166492611207,-3.958933136656682,-3.9081504896531607,true,,0.8752812397300098,0.0,0.6782491088808555,0.0,0.0,0.0,0.0
28,0.014510441,6.61013928,236,0.20054707638695307,0.20054707638695307,-0.022744337831046124,-0.027464574448211043,-0.035429147728048505,-3.926274922879551,-3.9581157213904357,-3.906107065792926,true,,0.8752812397300098,0.0,0.6782491088808555,0.0,0.0,0.0,0.0
29,0.012085771,6.622225051,238,0.2005466971371908,0.2005466971371908,-0.022748441761577864,-0.027468705383991265,-0.0354330418713491,-3.926274921762729,-3.958115921991287,-3.906106551728907,true,,0.8752812397300098,0.0,0.6782491088808555,0.0,0.0,0.0,0.0
30,0.033595594,6.655820645,240,0.20054685963113353,0.20054685963113353,-0.022745411526665094,-0.02746536152168222,-0.03542961042855153,-3.926274925250066,-3.958115727406118,-3.906105522722708,true,,0.8752812397300098,0.0,0.6782491088808555,0.0,0.0,0.0,0.0
31,0.013410562,6.669231207,242,0.20054648762799895,0.20054648762799895,-0.02275169614096917,-0.027472251154798566,-0.035436661364744326,-3.9262749206054104,-3.9581158191552945,-3.906107230935969,true,,0.8752812397300098,0.0,0.6782491088808555,0.0,0.0,0.0,0.0
32,0.033750463,6.70298167,245,0.20055435619818146,0.20055435619818146,-0.022812667676942233,-0.027472679586784343,-0.03543339580634075,-3.9260451649412524,-3.9581493808063466,-3.9058675891678902,true,,0.8752812397300098,0.0,0.6782491088808555,0.0,0.0,0.0,0.0
33,0.019384107,6.722365776999999,247,0.20055430290700837,0.20055430290700837,-0.022813339939311006,-0.027473393689780856,-0.03543410771792299,-3.9260451647122316,-3.958149415865659,-3.9058674724024938,true,,0.8752812397300098,0.0,0.6782491088808555,0.0,0.0,0.0,0.0
34,0.034603876,6.756969653,250,0.20054967302788987,0.20054967302788987,-0.02280670395996931,-0.027462818247735443,-0.035423019823340285,-3.9260412358555103,-3.9581010818076954,-3.905838392584381,true,,0.8752812397300098,0.0,0.6782491088808555,0.0,0.0,0.0,0.0
35,0.011994121,6.7689637739999995,252,0.20054962985420938,0.20054962985420938,-0.02280708971503631,-0.027463308450723423,-0.03542347658662692,-3.926041129996208,-3.9581040912093592,-3.905847710318488,true,,0.8752812397300098,0.0,0.6782491088808555,0.0,0.0,0.0,0.0
36,0.032620248,6.801584021999999,255,0.20054979773927004,0.20054979773927004,-0.022806902363301407,-0.02746357688031076,-0.0354229426663526,-3.9260390129882294,-3.9581560820747117,-3.905755713954056,true,,0.8752812397300098,0.0,0.6782491088808555,0.0,0.0,0.0,0.0
37,0.012567264,6.8141512859999995,257,0.2005497360050391,0.2005497360050391,-0.022807227552860132,-0.027463931874763148,-0.03542328681030227,-3.9260390114211052,-3.958156073062073,-3.905755598218414,true,,0.8752812397300098,0.0,0.6782491088808555,0.0,0.0,0.0,0.0
38,0.012263077,6.826414363,263,0.2005553329397159,0.2005553329397159,-0.02280713686733349,-0.027463878391569052,-0.0354233423375816,-3.925891831658846,-3.958045783814688,-3.9056538238157485,true,,0.8752812397300098,0.0,0.6782491088808555,0.0,0.0,0.0,0.0
39,0.012444649,6.8388590119999995,265,0.20055529050000448,0.20055529050000448,-0.022807544969976723,-0.027464310768710476,-0.03542377080073311,-3.925891829809067,-3.958045702825979,-3.9056532658426213,true,,0.8752812397300098,0.0,0.6782491088808555,0.0,0.0,0.0,0.0
40,0.012707255,6.851566266999999,266,0.20057312785258924,0.20057312785258924,-0.022782785578949527,-0.027548285109806447,-0.035443134004089494,-3.925747967892989,-3.9578295976533147,-3.9057934437778483,true,,0.8752812397300098,0.0,0.6782491088808555,0.0,0.0,0.0,0.0
41,0.011985934,6.863552200999999,273,0.20062947516069848,0.20062947516069848,-0.023041506946271495,-0.027122712813538175,-0.03572097211501324,-3.9248377577883042,-3.9588518936140202,-3.904927306468351,true,,0.8752812397300098,0.0,0.6782491088808555,0.0,0.0,0.0,0.0
42,0.01194125,6.875493450999999,275,0.20063062825227115,0.20063062825227115,-0.023032222556912507,-0.02710988775982992,-0.03571434332864931,-3.924837747206023,-3.9588559306897846,-3.9049262490521897,true,,0.8752812397300098,0.0,0.6782491088808555,0.0,0.0,0.0,0.0
43,0.01144127,6.8869347209999985,275,0.20063062825227115,0.20063062825227115,-0.023032222556912507,-0.02710988775982992,-0.03571434332864931,-3.924837747206023,-3.9588559306897846,-3.9049262490521897,true,,0.8752812397300098,0.0,0.6782491088808555,0.0,0.0,0.0,0.0
44,0.012771073,6.899705793999998,285,0.20090897057049847,0.20090897057049847,-0.022758917767346065,-0.027079372228813403,-0.03532513490554867,-3.9243907421538977,-3.958735684272295,-3.903909349841884,true,,0.8752812397300098,0.0,0.6782491088808555,0.0,0.0,0.0,0.0
45,0.014037429,6.913743222999998,287,0.2009088070048109,0.2009088070048109,-0.022758662223178905,-0.027078983953941704,-0.035324987610722225,-3.9243907409823238,-3.958735013372456,-3.903910005363679,true,,0.8752812397300098,0.0,0.6782491088808555,0.0,0.0,0.0,0.0
46,0.012422303,6.926165525999998,290,0.20091982525378857,0.20091982525378857,-0.022784502485218572,-0.027084907741922182,-0.03526083932310298,-3.9243809536021175,-3.9586763874064554,-3.9039101274663888,true,,0.8752812397300098,0.0,0.6782491088808555,0.0,0.0,0.0,0.0
47,0.01376808,6.9399336059999985,292,0.20092008324730673,0.20092008324730673,-0.022782253919078954,-0.027081862205024287,-0.03525921040507052,-3.9243809520810986,-3.9586774445034028,-3.903909983701782,true,,0.8752812397300098,0.0,0.6782491088808555,0.0,0.0,0.0,0.0
48,0.011493137,6.951426742999999,292,0.20092008324730673,0.20092008324730673,-0.022782253919078954,-0.027081862205024287,-0.03525921040507052,-3.9243809520810986,-3.9586774445034028,-3.903909983701782,true,,0.8752812397300098,0.0,0.6782491088808555,0.0,0.0,0.0,0.0
49,0.012457535,6.963884277999999,294,0.20092008324730673,0.20092008324730673,-0.022782253919078954,-0.027081862205024287,-0.03525921040507052,-3.9243809520810986,-3.9586774445034028,-3.903909983701782,true,,0.8752812397300098,0.0,0.6782491088808555,0.0,0.0,0.0,0.0
50,0.0144388,6.978323077999999,296,0.20092019411434645,0.20092019411434645,-0.022781355758525135,-0.0270803210022591,-0.03525859488136296,-3.9243809512795162,-3.958677750402547,-3.903909789438019,true,,0.8752812397300098,0.0,0.6782491088808555,0.0,0.0,0.0,0.0
51,0.013564841,6.991887918999999,299,0.20091460333684272,0.20091460333684272,-0.022804835328660844,-0.0271722481443204,-0.035322358007613186,-3.924376744202488,-3.9586038376848216,-3.9038907000541547,true,,0.8752812397300098,0.0,0.6782491088808555,0.0,0.0,0.0,0.0
52,0.016330919,7.008218837999999,302,0.2009093169057457,0.2009093169057457,-0.02282597539371234,-0.02717154376012043,-0.03536736480784042,-3.924344293141747,-3.958518987163375,-3.903890945498183,true,,0.8752812397300098,0.0,0.6782491088808555,0.0,0.0,0.0,0.0
53,0.01349525,7.021714087999999,304,0.20090928479038014,0.20090928479038014,-0.022826279767522384,-0.0271718611712507,-0.03536771859082499,-3.924344062779009,-3.958515548127357,-3.903906407285113,true,,0.8752812397300098,0.0,0.6782491088808555,0.0,0.0,0.0,0.0
54,0.01249747,7.034211557999998,307,0.20090926464117048,0.20090926464117048,-0.02282629017595217,-0.02717188138396276,-0.03536770077917595,-3.924333051423868,-3.958510523025614,-3.9038818392605847,true,,0.8752812397300098,0.0,0.6782491088808555,0.0,0.0,0.0,0.0
55,0.013913048,7.048124605999998,309,0.20090924373708127,0.20090924373708127,-0.022826546376616852,-0.027172153937579324,-0.03536797185244489,-3.9243330399442846,-3.95850939353181,-3.9038808217725083,true,,0.8752812397300098,0.0,0.6782491088808555,0.0,0.0,0.0,0.0
56,0.012931594,7.061056199999999,310,0.20092115942714694,0.20092115942714694,-0.02281423737819721,-0.027180319261552732,-0.0353763913546109,-3.9243108756129548,-3.958601951601121,-3.903851417688342,true,,0.8752812397300098,0.0,0.6782491088808555,0.0,0.0,0.0,0.0
57,0.014195483,7.0752516829999985,312,0.2009209093597353,0.2009209093597353,-0.022816541397216228,-0.027182820415054598,-0.0353790270912302,-3.9243108814800207,-3.958600833838699,-3.9038508413942212,true,,0.8752812397300098,0.0,0.6782491088808555,0.0,0.0,0.0,0.0
58,0.015039645,7.090291327999998,314,0.20092090435052082,0.20092090435052082,-0.022816012605620495,-0.02718218011343898,-0.03537896827490494,-3.9243108791171335,-3.9586006497715913,-3.9038510889206672,true,,0.8752812397300098,0.0,0.6782491088808555,0.0,0.0,0.0,0.0
59,0.012466806,7.102758133999998,316,0.20092257239694764,0.20092257239694764,-0.022816196346409967,-0.027182124821164666,-0.03537627968242485,-3.924145811886491,-3.9585771089251027,-3.9040284139436396,true,,0.8752812397300098,0.0,0.6782491088808555,0.0,0.0,0.0,0.0
60,0.01236098,7.115119113999999,318,0.20092298804115052,0.20092298804115052,-0.022812765625385145,-0.027179372696243043,-0.035373398566942105,-3.924145807222838,-3.958576757064957,-3.904027115177099,true,,0.8752812397300098,0.0,0.6782491088808555,0.0,0.0,0.0,0.0
61,0.012027507,7.127146620999999,321,0.20092073689862655,0.20092073689862655,-0.022813235002243082,-0.027180100671877927,-0.035373349388192366,-3.924143742794706,-3.9586057230112033,-3.9039995864737205,true,,0.8752812397300098,0.0,0.6782491088808555,0.0,0.0,0.0,0.0
62,0.013839683,7.140986303999998,323,0.20092073065173266,0.20092073065173266,-0.022813386950876202,-0.02718028035036779,-0.03537351506692965,-3.924143740915256,-3.958606712186473,-3.9039997632737307,true,,0.8752812397300098,0.0,0.6782491088808555,0.0,0.0,0.0,0.0
63,0.036137263,7.177123566999998,326,0.20091523851573376,0.20091523851573376,-0.022806832458319826,-0.027199819355132826,-0.03536542707608559,-3.9241429641348415,-3.958668306318701,-3.9040149601921295,true,,0.8752812397300098,0.0,0.6782491088808555,0.0,0.0,0.0,0.0
64,0.012931593,7.190055159999998,328,0.20091495114861743,0.20091495114861743,-0.022806197056455146,-0.027200968488561905,-0.035364111517703245,-3.924142945348321,-3.958670929487504,-3.904013907819446,true,,0.8752812397300098,0.0,0.6782491088808555,0.0,0.0,0.0,0.0
65,0.032701645,7.222756804999999,331,0.20092003721779017,0.20092003721779017,-0.022797851535299785,-0.027184119791809014,-0.03536172787734937,-3.9241407163022024,-3.9586536174752367,-3.904040674101117,true,,0.8752812397300098,0.0,0.6782491088808555,0.0,0.0,0.0,0.0
66,0.012944148,7.2357009529999985,333,0.20091998257864094,0.20091998257864094,-0.02279784274867458,-0.02718419281197071,-0.03536171740674643,-3.9241407156931425,-3.9586535490461245,-3.904040645352725,true,,0.8752812397300098,0.0,0.6782491088808555,0.0,0.0,0.0,0.0
67,0.013104483,7.248805435999999,341,0.20091673968490686,0.20091673968490686,-0.02282104644301819,-0.027216518532860223,-0.03539624137836561,-3.924140813879531,-3.9586415251430327,-3.9040382855082028,true,,0.8752812397300098,0.0,0.6782491088808555,0.0,0.0,0.0,0.0
68,0.015100348,7.2639057839999985,343,0.20091683186533052,0.20091683186533052,-0.022820209797904667,-0.027214988196414658,-0.035395167648758274,-3.924140811267894,-3.958644012728723,-3.9040396035230556,true,,0.8752812397300098,0.0,0.6782491088808555,0.0,0.0,0.0,0.0
69,0.013243213,7.2771489969999985,346,0.20091014986075614,0.20091014986075614,-0.02281807680211312,-0.027209488216245026,-0.03537881294177869,-3.9240398537062475,-3.958653068123617,-3.9041112240106233,true,,0.8752812397300098,0.0,0.6782491088808555,0.0,0.0,0.0,0.0
70,0.01480098,7.291949976999999,348,0.20091020223207445,0.20091020223207445,-0.022817638653881644,-0.0272087732380365,-0.03537852126356544,-3.9240398492212845,-3.958654212404912,-3.904111599201893,true,,0.8752812397300098,0.0,0.6782491088808555,0.0,0.0,0.0,0.0
71,0.013101227,7.305051203999999,348,0.20091020223207445,0.20091020223207445,-0.022817638653881644,-0.0272087732380365,-0.03537852126356544,-3.9240398492212845,-3.958654212404912,-3.904111599201893,true,,0.8752812397300098,0.0,0.6782491088808555,0.0,0.0,0.0,0.0
72,0.013171758,7.318222961999999,350,0.20091020223207445,0.20091020223207445,-0.022817638653881644,-0.0272087732380365,-0.03537852126356544,-3.9240398492212845,-3.958654212404912,-3.904111599201893,true,,0.8752812397300098,0.0,0.6782491088808555,0.0,0.0,0.0,0.0
73,0.01464581,7.332868771999999,352,0.2009102146500606,0.2009102146500606,-0.022817472364498492,-0.027208477073110138,-0.035377783725383694,-3.9240398491435076,-3.9586543565765124,-3.904112018174793,true,,0.8752812397300098,0.0,0.6782491088808555,0.0,0.0,0.0,0.0
74,0.086966763,7.419835535,353,0.2008911052064059,0.2008911052064059,-0.02281808192079926,-0.02714371461920284,-0.03540167213321588,-3.924034314423571,-3.9587111460315416,-3.9040878772282177,true,,0.8752812397300098,0.0,0.6782491088808555,0.0,0.0,0.0,0.0
75,0.01480913,7.4346446649999995,356,0.2008898289935247,0.2008898289935247,-0.022815033834243215,-0.02714948429331132,-0.03540728912112101,-3.9240242773286838,-3.9586256507964785,-3.904012382750521,true,,0.8752812397300098,0.0,0.6782491088808555,0.0,0.0,0.0,0.0
76,0.014912459,7.449557123999999,358,0.20088946075371802,0.20088946075371802,-0.022815336248081852,-0.02714928679955464,-0.03540749216145933,-3.9240241321829887,-3.9586298515035043,-3.9040152640566887,true,,0.8752812397300098,0.0,0.6782491088808555,0.0,0.0,0.0,0.0
77,0.013362805,7.462919928999999,360,0.20088946075371802,0.20088946075371802,-0.022815336248081852,-0.02714928679955464,-0.03540749216145933,-3.9240241321829887,-3.9586298515035043,-3.9040152640566887,true,,0.8752812397300098,0.0,0.6782491088808555,0.0,0.0,0.0,0.0
78,0.013247555,7.476167483999999,362,0.20088949689417918,0.20088949689417918,-0.022814963326823756,-0.027148767842065435,-0.03540719315764296,-3.9240241297375165,-3.9586300796806766,-3.904015641711525,true,,0.8752812397300098,0.0,0.6782491088808555,0.0,0.0,0.0,0.0
79,0.088562708,7.564730192,365,0.20088457285033612,0.20088457285033612,-0.022854210341672898,-0.02718834985205043,-0.03544528948557846,-3.924010985409304,-3.958598974034222,-3.9040036343788183,true,,0.8752812397300098,0.0,0.6782491088808555,0.0,0.0,0.0,0.0
80,0.013467881,7.578198073,367,0.20088659145958349,0.20088659145958349,-0.02283924329315723,-0.02717324679933586,-0.035430906519475336,-3.924010959513369,-3.958604391536972,-3.904002279904663,true,,0.8752812397300098,0.0,0.6782491088808555,0.0,0.0,0.0,0.0
81,0.014073056,7.592271129,367,0.20088659145958349,0.20088659145958349,-0.02283924329315723,-0.02717324679933586,-0.035430906519475336,-3.924010959513369,-3.958604391536972,-3.904002279904663,true,,0.8752812397300098,0.0,0.6782491088808555,0.0,0.0,0.0,0.0
82,0.014188113,7.606459242000001,370,0.20088178165768583,0.20088178165768583,-0.02295148971862726,-0.027277116026585446,-0.035780330424048046,-3.9233788922797777,-3.957778013583003,-3.903044690539529,true,,0.8752812397300098,0.0,0.6782491088808555,0.0,0.0,0.0,0.0
83,0.0149314,7.621390642000001,372,0.2008815680113878,0.2008815680113878,-0.022951692895204934,-0.027278404272532475,-0.03578091916412007,-3.9233788744470015,-3.957778958809059,-3.903040785685654,true,,0.8752812397300098,0.0,0.6782491088808555,0.0,0.0,0.0,0.0
84,0.013765601,7.635156243000001,375,0.20079648988567378,0.20079648988567378,-0.02300186235509738,-0.02744815806235479,-0.035498736513915996,-3.9232214538133188,-3.9575910321135073,-3.9039016556822914,true,,0.8752812397300098,0.0,0.6782491088808555,0.0,0.0,0.0,0.0
85,0.0141792,7.649335443000001,377,0.2007967459508218,0.2007967459508218,-0.023000638980260724,-0.027446662719152526,-0.035498052383856504,-3.923221386532533,-3.9575907909901007,-3.9039012669826105,true,,0.8752812397300098,0.0,0.6782491088808555,0.0,0.0,0.0,0.0
86,0.018505767,7.667841210000001,379,0.2007967459508218,0.2007967459508218,-0.023000638980260724,-0.027446662719152526,-0.035498052383856504,-3.923221386532533,-3.9575907909901007,-3.9039012669826105,true,,0.8752812397300098,0.0,0.6782491088808555,0.0,0.0,0.0,0.0
87,0.017460873,7.685302083000001,381,0.2007968031016335,0.2007968031016335,-0.023000735786432802,-0.027446788198953964,-0.035498172907559855,-3.923221384370056,-3.9575907766608256,-3.903902322177209,true,,0.8752812397300098,0.0,0.6782491088808555,0.0,0.0,0.0,0.0
88,0.013714752,7.699016835000001,384,0.2007973938922238,0.2007973938922238,-0.02299703273957432,-0.027449689548971312,-0.03549738247306089,-3.923222724329333,-3.9573169463839633,-3.903911869056686,true,,0.8752812397300098,0.0,0.6782491088808555,0.0,0.0,0.0,0.0
89,0.013642668,7.712659503000001,386,0.20079872151123376,0.20079872151123376,-0.022995152755594606,-0.027451140127912277,-0.03549883071211046,-3.9232224288453628,-3.9573154367575962,-3.9039090947891415,true,,0.8752812397300098,0.0,0.6782491088808555,0.0,0.0,0.0,0.0
90,0.015977578,7.728637081000001,389,0.2007858076829227,0.2007858076829227,-0.023024746503875426,-0.02740191450483065,-0.035453619320046204,-3.923165371952881,-3.957323372217627,-3.9039111314065384,true,,0.8752812397300098,0.0,0.6782491088808555,0.0,0.0,0.0,0.0
91,0.014347755,7.7429848360000015,391,0.20078729476259696,0.20078729476259696,-0.023012693048603428,-0.02739111496297464,-0.035443791725442986,-3.9231653632426173,-3.9573231288836963,-3.9039085359380876,true,,0.8752812397300098,0.0,0.6782491088808555,0.0,0.0,0.0,0.0
92,0.013372156,7.7563569920000015,391,0.20078729476259696,0.20078729476259696,-0.023012693048603428,-0.02739111496297464,-0.035443791725442986,-3.9231653632426173,-3.9573231288836963,-3.9039085359380876,true,,0.8752812397300098,0.0,0.6782491088808555,0.0,0.0,0.0,0.0
93,0.014729036,7.771086028000002,393,0.20078691162188822,0.20078691162188822,-0.02301392006269276,-0.02739119954521052,-0.035443875556491755,-3.9231654013793773,-3.9573239571708805,-3.9039097188304255,true,,0.8752812397300098,0.0,0.6782491088808555,0.0,0.0,0.0,0.0
94,0.016391448,7.787477476000002,395,0.20078728323364356,0.20078728323364356,-0.02301418334268912,-0.027393077539836774,-0.035446119709822144,-3.923165353695544,-3.9573229392135647,-3.9039075420186347,true,,0.8752812397300098,0.0,0.6782491088808555,0.0,0.0,0.0,0.0
95,0.015033035,7.802510511000002,397,0.2007865984673275,0.2007865984673275,-0.023020257953784595,-0.027398629417890064,-0.035452146470046575,-3.92316535946599,-3.9573231990194166,-3.90390734219224,true,,0.8752812397300098,0.0,0.6782491088808555,0.0,0.0,0.0,0.0
96,0.015271825,7.817782336000002,399,0.2007878604544418,0.2007878604544418,-0.023009031247765765,-0.027388340422266122,-0.03544113706915586,-3.923165352281701,-3.9573231646421796,-3.9039072344451884,true,,0.8752812397300098,0.0,0.6782491088808555,0.0,0.0,0.0,0.0
97,0.019992852,7.837775188000002,401,0.2007878604544418,0.2007878604544418,-0.023009031247765765,-0.027388340422266122,-0.03544113706915586,-3.923165352281701,-3.9573231646421796,-3.9039072344451884,true,,0.8752812397300098,0.0,0.6782491088808555,0.0,0.0,0.0,0.0
98,0.015732107,7.853507295000002,403,0.20078797454732253,0.20078797454732253,-0.02300832126310781,-0.02738767010484444,-0.035440566575796084,-3.923165347660871,-3.9573225682689745,-3.9039056516968085,true,,0.8752812397300098,0.0,0.6782491088808555,0.0,0.0,0.0,0.0
99,0.013948144,7.867455439000002,406,0.20077986012234855,0.20077986012234855,-0.023012922435541094,-0.027407555597630417,-0.03544259629904167,-3.9231642511602103,-3.9573602346167323,-3.9039505007689317,true,,0.8752812397300098,0.0,0.6782491088808555,0.0,0.0,0.0,0.0
100,0.018422718,7.885878157000002,408,0.20077987714039597,0.20077987714039597,-0.02301690922291766,-0.027411518561201498,-0.035446497711855596,-3.923164248089458,-3.957359198591037,-3.903948531800827,true,,0.8752812397300098,0.0,0.6782491088808555,0.0,0.0,0.0,0.0
101,0.014467225,7.900345382000002,408,0.20077987714039597,0.20077987714039597,-0.02301690922291766,-0.027411518561201498,-0.035446497711855596,-3.923164248089458,-3.957359198591037,-3.903948531800827,true,,0.8752812397300098,0.0,0.6782491088808555,0.0,0.0,0.0,0.0
102,0.014734737,7.915080119000002,410,0.20077987714039597,0.20077987714039597,-0.02301690922291766,-0.027411518561201498,-0.035446497711855596,-3.923164248089458,-3.957359198591037,-3.903948531800827,true,,0.8752812397300098,0.0,0.6782491088808555,0.0,0.0,0.0,0.0
103,0.014388467,7.929468586000002,412,0.20077992451572443,0.20077992451572443,-0.023017111545240332,-0.02741169043881675,-0.035447284080065145,-3.9231642478289612,-3.95735945030855,-3.903948040764321,true,,0.8752812397300098,0.0,0.6782491088808555,0.0,0.0,0.0,0.0
104,0.014727855,7.9441964410000026,414,0.20077993578540398,0.20077993578540398,-0.023016853709606377,-0.027411444505611948,-0.03544707269507652,-3.923164254521679,-3.957359291858887,-3.9039473696098406,true,,0.8752812397300098,0.0,0.6782491088808555,0.0,0.0,0.0,0.0
105,0.01672572,7.960922161000003,416,0.2007799952845935,0.2007799952845935,-0.02301689422502884,-0.02741148101132207,-0.03544723962653651,-3.9231642474670374,-3.9573596138508584,-3.903947418943952,true,,0.8752812397300098,0.0,0.6782491088808555,0.0,0.0,0.0,0.0
106,0.014269711,7.975191872000003,419,0.2007288276482522,0.2007288276482522,-0.023054668927408817,-0.027287468680438853,-0.03534356907560565,-3.9231199272827313,-3.957423830204013,-3.90410443353959,true,,0.8752812397300098,0.0,0.6782491088808555,0.0,0.0,0.0,0.0
107,0.015206151,7.990398023000003,421,0.20072889157382137,0.20072889157382137,-0.023054179028464405,-0.027287004161289263,-0.03534317751154403,-3.9231199264258447,-3.9574238611142256,-3.9041039527066346,true,,0.8752812397300098,0.0,0.6782491088808555,0.0,0.0,0.0,0.0
108,0.022314194,8.012712217000002,424,0.200709460813406,0.200709460813406,-0.023060647677579982,-0.027295435624858366,-0.03533864900707884,-3.9230986269738426,-3.9574926996357185,-3.9042299382953907,true,,0.8752812397300098,0.0,0.6782491088808555,0.0,0.0,0.0,0.0
109,0.02215183,8.034864047000003,426,0.200709460813406,0.200709460813406,-0.023060647677579982,-0.027295435624858366,-0.03533864900707884,-3.9230986269738426,-3.9574926996357185,-3.9042299382953907,true,,0.8752812397300098,0.0,0.6782491088808555,0.0,0.0,0.0,0.0
110,0.017824513,8.052688560000004,428,0.20070930584196392,0.20070930584196392,-0.023069399311891003,-0.02730919350576344,-0.03534871936650308,-3.9230985578407775,-3.9574993975630517,-3.904235437425701,true,,0.8752812397300098,0.0,0.6782491088808555,0.0,0.0,0.0,0.0
111,0.014436928,8.067125488000004,429,0.20075604068597286,0.20075604068597286,-0.02303096826019646,-0.027110684648553374,-0.03535785828040594,-3.923065134614355,-3.957171729396265,-3.904243947174166,true,,0.8752812397300098,0.0,0.6782491088808555,0.0,0.0,0.0,0.0
112,0.015366758,8.082492246000005,431,0.20075583219244916,0.20075583219244916,-0.02306659885556106,-0.02718417144167018,-0.035439417392089556,-3.9229972243644453,-3.9570158504191877,-3.9040960365857194,true,,0.8752812397300098,0.0,0.6782491088808555,0.0,0.0,0.0,0.0
113,0.015922223,8.098414469000005,433,0.20075593166056602,0.20075593166056602,-0.023065101973406943,-0.02718160970399719,-0.0354383263034046,-3.922997209074271,-3.9570172121080147,-3.9040952672494176,true,,0.8752812397300098,0.0,0.6782491088808555,0.0,0.0,0.0,0.0
114,0.01478008,8.113194549000005,435,0.20075593166056602,0.20075593166056602,-0.023065101973406943,-0.02718160970399719,-0.0354383263034046,-3.922997209074271,-3.9570172121080147,-3.9040952672494176,true,,0.8752812397300098,0.0,0.6782491088808555,0.0,0.0,0.0,0.0
115,0.016308571,8.129503120000004,438,0.20074042152627344,0.20074042152627344,-0.023013281452190726,-0.027253708010988142,-0.03550765009979784,-3.922773506007587,-3.9573367936810406,-3.904161930500594,true,,0.8752812397300098,0.0,0.6782491088808555,0.0,0.0,0.0,0.0
116,0.017538204,8.147041324000003,440,0.20074041925437716,0.20074041925437716,-0.02301352755990005,-0.02725399270813189,-0.03550790562364037,-3.9227735056871635,-3.9573368291418913,-3.904162135826251,true,,0.8752812397300098,0.0,0.6782491088808555,0.0,0.0,0.0,0.0
117,0.022245195,8.169286519000003,441,0.20073197420954278,0.20073197420954278,-0.02300727502177702,-0.027237185112547913,-0.03549957678210447,-3.9227730420765545,-3.9573644787966185,-3.904177165209812,true,,0.8752812397300098,0.0,0.6782491088808555,0.0,0.0,0.0,0.0
118,0.015619116,8.184905635000003,448,0.20036373553686157,0.20036373553686157,-0.02334313463054538,-0.027704068941005855,-0.03595013225308641,-3.9221674938081597,-3.956920787053267,-3.9040560020007535,true,,0.8752812397300098,0.0,0.6782491088808555,0.0,0.0,0.0,0.0
119,0.016470188,8.201375823000003,450,0.20036375303114298,0.20036375303114298,-0.02333878067664641,-0.027699571056057026,-0.035944992903840456,-3.922167005575553,-3.956926340452547,-3.9040604274833592,true,,0.8752812397300098,0.0,0.6782491088808555,0.0,0.0,0.0,0.0
120,0.014504137,8.215879960000002,453,0.20037412708981256,0.20037412708981256,-0.023338321925939876,-0.027696417077968105,-0.03596482388598121,-3.9221777089475687,-3.9569449736803306,-3.904078022026206,true,,0.8752812397300098,0.0,0.6782491088808555,0.0,0.0,0.0,0.0
121,0.017084983,8.232964943000002,455,0.20037498015073402,0.20037498015073402,-0.023336879292032653,-0.027689826829502162,-0.03596939028490853,-3.922176849469814,-3.9569602416087997,-3.9040706181147597,true,,0.8752812397300098,0.0,0.6782491088808555,0.0,0.0,0.0,0.0
122,0.016368383,8.249333326000002,458,0.20037558989982798,0.20037558989982798,-0.02333367349790272,-0.027679734445439808,-0.03596787321883432,-3.9221806895645313,-3.9569839196581293,-3.904071856370478,true,,0.8752812397300098,0.0,0.6782491088808555,0.0,0.0,0.0,0.0
123,0.017064341,8.266397667000001,460,0.2003752824875665,0.2003752824875665,-0.023333264240001594,-0.027679452192901355,-0.035970425747956725,-3.9221805786962123,-3.9569865991325397,-3.904068470196364,true,,0.8752812397300098,0.0,0.6782491088808555,0.0,0.0,0.0,0.0
124,0.018463632,8.284861299000001,462,0.2003752824875665,0.2003752824875665,-0.023333264240001594,-0.027679452192901355,-0.035970425747956725,-3.9221805786962123,-3.9569865991325397,-3.904068470196364,true,,0.8752812397300098,0.0,0.6782491088808555,0.0,0.0,0.0,0.0
125,0.016027233,8.300888532000002,464,0.2003754530952875,0.2003754530952875,-0.02333238246716207,-0.027679734783312093,-0.0359698257761506,-3.922180528243963,-3.9569867780427197,-3.9040691946725703,true,,0.8752812397300098,0.0,0.6782491088808555,0.0,0.0,0.0,0.0
126,0.015649487,8.316538019000001,466,0.2003754530952875,0.2003754530952875,-0.02333238246716207,-0.027679734783312093,-0.0359698257761506,-3.922180528243963,-3.9569867780427197,-3.9040691946725703,true,,0.8752812397300098,0.0,0.6782491088808555,0.0,0.0,0.0,0.0
127,0.015876378,8.332414397,468,0.20037548394644894,0.20037548394644894,-0.023332074053987295,-0.027679449441019077,-0.03596947524315741,-3.9221805243547814,-3.956987175294297,-3.9040706995667795,true,,0.8752812397300098,0.0,0.6782491088808555,0.0,0.0,0.0,0.0
128,0.016348335,8.348762732,468,0.20037548394644894,0.20037548394644894,-0.023332074053987295,-0.027679449441019077,-0.03596947524315741,-3.9221805243547814,-3.956987175294297,-3.9040706995667795,true,,0.8752812397300098,0.0,0.6782491088808555,0.0,0.0,0.0,0.0
129,0.014932039,8.363694771,469,0.20038148181209683,0.20038148181209683,-0.02327996365855889,-0.02762812692026595,-0.035962483849018234,-3.922138684494297,-3.9569318287723747,-3.904022064992739,true,,0.8752812397300098,0.0,0.6782491088808555,0.0,0.0,0.0,0.0
130,0.01748586,8.381180631000001,472,0.20038097053480255,0.20038097053480255,-0.0232665881398878,-0.0276218852268042,-0.03593979894355148,-3.922132436792794,-3.956925697532611,-3.9038963959039252,true,,0.8752812397300098,0.0,0.6782491088808555,0.0,0.0,0.0,0.0
131,0.016065217,8.397245848,474,0.200381178301198,0.200381178301198,-0.02326174582513263,-0.0276202817346608,-0.035931216491673634,-3.922132016319905,-3.9569282323917787,-3.903886276828008,true,,0.8752812397300098,0.0,0.6782491088808555,0.0,0.0,0.0,0.0
132,0.017470329,8.414716177,477,0.20038088939163748,0.20038088939163748,-0.023264120542251798,-0.02762470142205209,-0.035933321664062934,-3.922137661357162,-3.9569373886562693,-3.903889186723381,true,,0.8752812397300098,0.0,0.6782491088808555,0.0,0.0,0.0,0.0
133,0.016170985,8.430887162000001,479,0.20038097977203337,0.20038097977203337,-0.023263462795032663,-0.027623327971242784,-0.035928860337769986,-3.9221375887378342,-3.956933701810683,-3.90388383562075,true,,0.8752812397300098,0.0,0.6782491088808555,0.0,0.0,0.0,0.0
134,0.015454896,8.446342058,482,0.20033278342112684,0.20033278342112684,-0.023241822339446272,-0.027548867857530412,-0.03584598929798999,-3.922023119425169,-3.9569217305272293,-3.90366886189102,true,,0.8752812397300098,0.0,0.6782491088808555,0.0,0.0,0.0,0.0
135,0.022726286,8.469068344,484,0.20033279628430178,0.20033279628430178,-0.023241910774997043,-0.02754893280850712,-0.03584610273995337,-3.9220228228237035,-3.956910940179567,-3.903676657790276,true,,0.8752812397300098,0.0,0.6782491088808555,0.0,0.0,0.0,0.0
136,0.016087653,8.485155997,486,0.20033279628430178,0.20033279628430178,-0.023241910774997043,-0.02754893280850712,-0.03584610273995337,-3.9220228228237035,-3.956910940179567,-3.903676657790276,true,,0.8752812397300098,0.0,0.6782491088808555,0.0,0.0,0.0,0.0
137,0.015744513,8.50090051,488,0.20033202812116635,0.20033202812116635,-0.023246798550262904,-0.027554930687370693,-0.035850677016422305,-3.922022818372632,-3.95691271946824,-3.903677965779196,true,,0.8752812397300098,0.0,0.6782491088808555,0.0,0.0,0.0,0.0
138,0.017948125,8.518848635,491,0.20033203522879028,0.20033203522879028,-0.02324684215236361,-0.02755495241057071,-0.03585068746020048,-3.922023160122849,-3.9569119818011727,-3.9036710292047623,true,,0.8752812397300098,0.0,0.6782491088808555,0.0,0.0,0.0,0.0
139,0.015465032,8.534313667,493,0.20033200832030304,0.20033200832030304,-0.023246983893070894,-0.027555148217493164,-0.03585081793589451,-3.9220231546268076,-3.9569131843441814,-3.9036712028037797,true,,0.8752812397300098,0.0,0.6782491088808555,0.0,0.0,0.0,0.0
140,0.01674384,8.551057507,497,0.20032929291226367,0.20032929291226367,-0.023253878685737583,-0.027559608727805496,-0.035821393234772625,-3.922022371493888,-3.956930083368276,-3.9036402054573807,true,,0.8752812397300098,0.0,0.6782491088808555,0.0,0.0,0.0,0.0
141,0.015707586,8.566765092999999,499,0.20032929291226367,0.20032929291226367,-0.023253878685737583,-0.027559608727805496,-0.035821393234772625,-3.922022371493888,-3.956930083368276,-3.9036402054573807,true,,0.8752812397300098,0.0,0.6782491088808555,0.0,0.0,0.0,0.0
142,0.016730704,8.583495797,501,0.20032940831573334,0.20032940831573334,-0.023252570375004167,-0.027556802778037626,-0.03582018976817358,-3.922022355672543,-3.956926971429399,-3.903639432191438,true,,0.8752812397300098,0.0,0.6782491088808555,0.0,0.0,0.0,0.0
143,0.015312029,8.598807826,504,0.20030104749963767,0.20030104749963767,-0.02328589934997405,-0.027619799898980335,-0.0358567097468373,-3.9218767197681377,-3.9572266241476326,-3.9033256783987826,true,,0.8752812397300098,0.0,0.6782491088808555,0.0,0.0,0.0,0.0
144,0.01771036,8.616518186,506,0.20030103031015023,0.20030103031015023,-0.023285969333056267,-0.027619875224623502,-0.03585684058913663,-3.9218767188951413,-3.95722666103147,-3.9033256853784413,true,,0.8752812397300098,0.0,0.6782491088808555,0.0,0.0,0.0,0.0
145,0.016674486,8.633192672,508,0.20030103031015023,0.20030103031015023,-0.023285969333056267,-0.027619875224623502,-0.03585684058913663,-3.9218767188951413,-3.95722666103147,-3.9033256853784413,true,,0.8752812397300098,0.0,0.6782491088808555,0.0,0.0,0.0,0.0
146,0.016734418,8.64992709,510,0.20030110475982535,0.20030110475982535,-0.023286252171858535,-0.02762019725665399,-0.03585732827244448,-3.9218763507565892,-3.957228046878828,-3.9033496076646705,true,,0.8752812397300098,0.0,0.6782491088808555,0.0,0.0,0.0,0.0
147,0.0154435,8.66537059,513,0.2003010322259092,0.2003010322259092,-0.02328618769957891,-0.027620126084852314,-0.03585711254762303,-3.9218689326932212,-3.9572221727187427,-3.903322033955416,true,,0.8752812397300098,0.0,0.6782491088808555,0.0,0.0,0.0,0.0
148,0.017308161,8.682678751000001,515,0.2003010163026041,0.2003010163026041,-0.02328638580632081,-0.027620348603559552,-0.035857296601329636,-3.92186890503314,-3.9572208420088257,-3.903324861231561,true,,0.8752812397300098,0.0,0.6782491088808555,0.0,0.0,0.0,0.0
149,0.017142521,8.699821272000001,515,0.2003010163026041,0.2003010163026041,-0.02328638580632081,-0.027620348603559552,-0.035857296601329636,-3.92186890503314,-3.9572208420088257,-3.903324861231561,true,,0.8752812397300098,0.0,0.6782491088808555,0.0,0.0,0.0,0.0
150,0.01843411,8.718255382,522,0.19985110503643005,0.19985110503643005,-0.023459479830309493,-0.027776779860906653,-0.036044739117201074,-3.921109831053115,-3.957034062597973,-3.902406326681568,true,,0.8752812397300098,0.0,0.6782491088808555,0.0,0.0,0.0,0.0
151,0.020028831,8.738284213,524,0.19985165611531927,0.19985165611531927,-0.023454315198588982,-0.027772088216143964,-0.036040670836418154,-3.921109771239762,-3.9570368017425697,-3.902399053127054,true,,0.8752812397300098,0.0,0.6782491088808555,0.0,0.0,0.0,0.0
152,0.017393389,8.755677602,525,0.19982791375038705,0.19982791375038705,-0.023464197820426302,-0.027797184206262315,-0.03603509135524463,-3.9210786583256954,-3.956996102075328,-3.9024589421134843,true,,0.8752812397300098,0.0,0.6782491088808555,0.0,0.0,0.0,0.0
153,0.016084865,8.771762467,527,0.19982812315089768,0.19982812315089768,-0.02346484544803018,-0.02780313841016535,-0.036033708860113034,-3.921078827491991,-3.956995893744668,-3.902463451661281,true,,0.8752812397300098,0.0,0.6782491088808555,0.0,0.0,0.0,0.0
154,0.024330931,8.796093398,529,0.19982777421832879,0.19982777421832879,-0.02346527757337369,-0.027795607306654646,-0.03603746594670865,-3.921078721124051,-3.9570003115751997,-3.9024559481257697,true,,0.8752812397300098,0.0,0.6782491088808555,0.0,0.0,0.0,0.0
155,0.016039977,8.812133375,532,0.19983388647244893,0.19983388647244893,-0.023462032770959595,-0.027794822866599733,-0.03603533318056984,-3.9210858752786426,-3.9570132109219145,-3.9024654504134615,true,,0.8752812397300098,0.0,0.6782491088808555,0.0,0.0,0.0,0.0
156,0.01681752,8.828950895,534,0.19983459116732671,0.19983459116732671,-0.023467036686305787,-0.027801647429490428,-0.036043638174882875,-3.9210849576546822,-3.957004562102112,-3.9024525734362183,true,,0.8752812397300098,0.0,0.6782491088808555,0.0,0.0,0.0,0.0
157,0.01734802,8.846298915,537,0.1998329421262015,0.1998329421262015,-0.023468091069677732,-0.02780225100850242,-0.036043325988179054,-3.9210831270836803,-3.9570034842784274,-3.902447024393143,true,,0.8752812397300098,0.0,0.6782491088808555,0.0,0.0,0.0,0.0
158,0.018205685,8.8645046,539,0.19983304683123299,0.19983304683123299,-0.023467607395947443,-0.02780381275354471,-0.03604305300140964,-3.921083085989218,-3.957002250378811,-3.9024493564608504,true,,0.8752812397300098,0.0,0.6782491088808555,0.0,0.0,0.0,0.0
159,0.016825526,8.881330126,547,0.19983461734823893,0.19983461734823893,-0.023476486921755746,-0.02781109650473579,-0.03605249063598048,-3.9210854860813913,-3.957021435650344,-3.9023682701608973,true,,0.8752812397300098,0.0,0.6782491088808555,0.0,0.0,0.0,0.0
160,0.018063511,8.899393637,549,0.1998347288100609,0.1998347288100609,-0.02347615433632466,-0.02781102825453563,-0.0360520349635679,-3.921085465644368,-3.9570211362878007,-3.902366916238814,true,,0.8752812397300098,0.0,0.6782491088808555,0.0,0.0,0.0,0.0
161,0.018649753,8.91804339,552,0.19983471097552594,0.19983471097552594,-0.023476176202757215,-0.027811007845495395,-0.036052449350440274,-3.9210840060236265,-3.9570231726032947,-3.9023466858466302,true,,0.8752812397300098,0.0,0.6782491088808555,0.0,0.0,0.0,0.0
162,0.018257023,8.936300413,554,0.1998347674876295,0.1998347674876295,-0.023475763772990876,-0.0278106237456498,-0.03605211558365684,-3.921084001743369,-3.957022814142347,-3.9023465385241156,true,,0.8752812397300098,0.0,0.6782491088808555,0.0,0.0,0.0,0.0
163,0.018155796,8.954456209,556,0.1998347674876295,0.1998347674876295,-0.023475763772990876,-0.0278106237456498,-0.03605211558365684,-3.921084001743369,-3.957022814142347,-3.9023465385241156,true,,0.8752812397300098,0.0,0.6782491088808555,0.0,0.0,0.0,0.0
164,0.021875448,8.976331657,558,0.19983581829370337,0.19983581829370337,-0.023475414028646835,-0.027807927991931547,-0.03605329049081463,-3.9210839644555233,-3.9570260342477,-3.902346818967866,true,,0.8752812397300098,0.0,0.6782491088808555,0.0,0.0,0.0,0.0
165,0.017648402,8.993980059,558,0.19983581829370337,0.19983581829370337,-0.023475414028646835,-0.027807927991931547,-0.03605329049081463,-3.9210839644555233,-3.9570260342477,-3.902346818967866,true,,0.8752812397300098,0.0,0.6782491088808555,0.0,0.0,0.0,0.0
166,0.019464601,9.01344466,560,0.19983581829370337,0.19983581829370337,-0.023475414028646835,-0.027807927991931547,-0.03605329049081463,-3.9210839644555233,-3.9570260342477,-3.902346818967866,true,,0.8752812397300098,0.0,0.6782491088808555,0.0,0.0,0.0,0.0
167,0.017917469,9.031362129,563,0.19982882548920206,0.19982882548920206,-0.023481543275476358,-0.02780336415232665,-0.036049350843758154,-3.9210797403432864,-3.9570192253705847,-3.9023409709446164,true,,0.8752812397300098,0.0,0.6782491088808555,0.0,0.0,0.0,0.0
168,0.018251055,9.049613184,565,0.19982511704598457,0.19982511704598457,-0.02348149907198549,-0.027797733669815528,-0.036042108477046364,-3.9210721019658528,-3.9570116008524145,-3.90233333330602,true,,0.8752812397300098,0.0,0.6782491088808555,0.0,0.0,0.0,0.0
169,0.030935419,9.080548603,567,0.1998251697562931,0.1998251697562931,-0.02348043666049071,-0.027794176083415834,-0.036041118097499325,-3.9210720542316273,-3.957006506166935,-3.902330276338885,true,,0.8752812397300098,0.0,0.6782491088808555,0.0,0.0,0.0,0.0
170,0.020407401,9.100956004,571,0.19977720644459032,0.19977720644459032,-0.023395740677367383,-0.02765683258253193,-0.035895241729219096,-3.9209712931399245,-3.9567580100011277,-3.9019585988508245,true,,0.8752812397300098,0.0,0.6782491088808555,0.0,0.0,0.0,0.0
171,0.01936074,9.120316744,573,0.19977720644459032,0.19977720644459032,-0.023395740677367383,-0.02765683258253193,-0.035895241729219096,-3.9209712931399245,-3.9567580100011277,-3.9019585988508245,true,,0.8752812397300098,0.0,0.6782491088808555,0.0,0.0,0.0,0.0
172,0.017851326,9.13816807,575,0.19977727391663946,0.19977727391663946,-0.023394797118812982,-0.027658333808686764,-0.035892797482762195,-3.9209712444225073,-3.9567614228123644,-3.9019538934880744,true,,0.8752812397300098,0.0,0.6782491088808555,0.0,0.0,0.0,0.0
173,0.023329061,9.161497131,578,0.19979937236894194,0.19979937236894194,-0.023466787332843797,-0.0278410392465972,-0.03585124086690694,-3.920839458636218,-3.956668171516488,-3.902244350788658,true,,0.8752812397300098,0.0,0.6782491088808555,0.0,0.0,0.0,0.0
174,0.017778641,9.179275772,580,0.19979937206426263,0.19979937206426263,-0.023466711122320683,-0.02784089279883961,-0.035851268871969544,-3.9208394508482636,-3.956668317210273,-3.9022439722803024,true,,0.8752812397300098,0.0,0.6782491088808555,0.0,0.0,0.0,0.0
175,0.018733368,9.19800914,582,0.19979998555009412,0.19979998555009412,-0.023473238961945975,-0.027844289879321193,-0.035856414560180294,-3.920839519979399,-3.9566684871836504,-3.902243849009794,true,,0.8752812397300098,0.0,0.6782491088808555,0.0,0.0,0.0,0.0
176,0.018416145,9.216425285,585,0.19981752887030316,0.19981752887030316,-0.023477491013619955,-0.02781864397753331,-0.035832263527209474,-3.9206900277060646,-3.956731061521251,-3.9022728913203797,true,,0.8752812397300098,0.0,0.6782491088808555,0.0,0.0,0.0,0.0
177,0.017751461,9.234176746,588,0.1998169805034285,0.1998169805034285,-0.023471781701675187,-0.027815734280303928,-0.03582779706276695,-3.9206857563459803,-3.956726034688663,-3.9022681978534757,true,,0.8752812397300098,0.0,0.6782491088808555,0.0,0.0,0.0,0.0
178,0.019349686,9.253526432,590,0.19981761635964718,0.19981761635964718,-0.023478018690584967,-0.027818838952182512,-0.035832720079561176,-3.920678499844688,-3.9567201457202015,-3.9022608508507206,true,,0.8752812397300098,0.0,0.6782491088808555,0.0,0.0,0.0,0.0
179,0.027227304,9.280753736,592,0.1998161368789406,0.1998161368789406,-0.02346099968414761,-0.02780987870036067,-0.03581932082082451,-3.92067834335778,-3.956717490138334,-3.9022598935994193,true,,0.8752812397300098,0.0,0.6782491088808555,0.0,0.0,0.0,0.0
180,0.043712393,9.324466129,595,0.19976835132166507,0.19976835132166507,-0.02344908278748714,-0.027779755379434223,-0.035887941772408616,-3.920567130474742,-3.9564025897657005,-3.902477357249703,true,,0.8752812397300098,0.0,0.6782491088808555,0.0,0.0,0.0,0.0
181,0.027797081,9.352263209999998,597,0.1997680359180212,0.1997680359180212,-0.02345393017716757,-0.027784862944970956,-0.035892360617203356,-3.9205670983847756,-3.956404021986244,-3.9024775883737717,true,,0.8752812397300098,0.0,0.6782491088808555,0.0,0.0,0.0,0.0
182,0.018416081,9.370679290999998,600,0.19976356553050398,0.19976356553050398,-0.023453743049819287,-0.027784426970483556,-0.03589287620721637,-3.920532510754533,-3.956393350205364,-3.902515116923255,true,true,0.8752812397300098,0.0,0.6782491088808555,0.0,0.0,0.0,0.0
183,0.017929837,9.388609127999999,602,0.1997635115320214,0.1997635115320214,-0.02345388122854497,-0.027784585879765733,-0.035892993646071014,-3.920532475962365,-3.956394225232045,-3.9025153144879785,true,,0.8752812397300098,0.0,0.6782491088808555,0.0,0.0,0.0,0.0
184,0.019581031,9.408190158999998,606,0.1997635115320214,0.1997635115320214,-0.02345388122854497,-0.027784585879765733,-0.035892993646071014,-3.920532475962365,-3.956394225232045,-3.9025153144879785,true,,0.8752812397300098,0.0,0.6782491088808555,0.0,0.0,0.0,0.0
185,0.018547378,9.426737536999998,608,0.1997635115320214,0.1997635115320214,-0.02345388122854497,-0.027784585879765733,-0.035892993646071014,-3.920532475962365,-3.956394225232045,-3.9025153144879785,true,,0.8752812397300098,0.0,0.6782491088808555,0.0,0.0,0.0,0.0
186,0.018539481,9.445277017999997,610,0.19976348437658448,0.19976348437658448,-0.023453453163506777,-0.027784148707876155,-0.03589260498533253,-3.920532426695508,-3.9563967748604063,-3.9025165104364463,true,,0.8752812397300098,0.0,0.6782491088808555,0.0,0.0,0.0,0.0
187,0.021973289,9.467250306999997,610,0.19976348437658448,0.19976348437658448,-0.023453453163506777,-0.027784148707876155,-0.03589260498533253,-3.920532426695508,-3.9563967748604063,-3.9025165104364463,true,,0.8752812397300098,0.0,0.6782491088808555,0.0,0.0,0.0,0.0
188,0.017888023,9.485138329999996,612,0.19976357425721764,0.19976357425721764,-0.023454175988405157,-0.02778637467006695,-0.03589293503733493,-3.920532460294232,-3.956395921784485,-3.9025189020204794,true,,0.8752812397300098,0.0,0.6782491088808555,0.0,0.0,0.0,0.0
189,0.020100694,9.505239023999996,614,0.19976343584168765,0.19976343584168765,-0.023454094447467155,-0.027784573910200394,-0.03589348128806302,-3.9205324219307522,-3.9563970850516865,-3.9025156825108764,true,,0.8752812397300098,0.0,0.6782491088808555,0.0,0.0,0.0,0.0
190,0.025203784,9.530442807999997,616,0.19976343584168765,0.19976343584168765,-0.023454094447467155,-0.027784573910200394,-0.03589348128806302,-3.9205324219307522,-3.9563970850516865,-3.9025156825108764,true,,0.8752812397300098,0.0,0.6782491088808555,0.0,0.0,0.0,0.0
191,0.019398878,9.549841685999997,618,0.1997634619282514,0.1997634619282514,-0.02345382212865843,-0.027784356626506135,-0.03589325580946001,-3.920532377979017,-3.9563964958950875,-3.902517014978402,true,,0.8752812397300098,0.0,0.6782491088808555,0.0,0.0,0.0,0.0
192,0.019932902,9.569774587999998,620,0.1997634619282514,0.1997634619282514,-0.02345382212865843,-0.027784356626506135,-0.03589325580946001,-3.920532377979017,-3.9563964958950875,-3.902517014978402,true,,0.8752812397300098,0.0,0.6782491088808555,0.0,0.0,0.0,0.0
193,0.020467876,9.590242463999997,622,0.199763512370832,0.199763512370832,-0.023453964316108245,-0.027784528911555473,-0.03589336521876596,-3.9205323484225705,-3.956396902526069,-3.9025156671238435,true,,0.8752812397300098,0.0,0.6782491088808555,0.0,0.0,0.0,0.0
194,0.018496252,9.608738715999998,624,0.199763512370832,0.199763512370832,-0.023453964316108245,-0.027784528911555473,-0.03589336521876596,-3.9205323484225705,-3.956396902526069,-3.9025156671238435,true,,0.8752812397300098,0.0,0.6782491088808555,0.0,0.0,0.0,0.0
195,0.018542224,9.627280939999999,626,0.1997635124486253,0.1997635124486253,-0.02345396416155865,-0.027784528207059234,-0.03589336521876596,-3.9205323484225705,-3.956396902526069,-3.9025156671238435,true,,0.8752812397300098,0.0,0.6782491088808555,0.0,0.0,0.0,0.0
196,0.021251303,9.648532242999998,628,0.19976352300091627,0.19976352300091627,-0.023453291751196703,-0.02778195641180614,-0.03589258570537612,-3.9205323490519404,-3.9563955005707196,-3.902515492098662,true,,0.8752812397300098,0.0,0.6782491088808555,0.0,0.0,0.0,0.0
197,0.023782896,9.672315138999998,631,0.19977382218160594,0.19977382218160594,-0.023479858782608942,-0.027680722225558063,-0.035893695151147265,-3.9204877346581224,-3.9566186553930214,-3.9025772695233765,true,,0.8752812397300098,0.0,0.6782491088808555,0.0,0.0,0.0,0.0
198,0.024536924,9.696852062999998,633,0.19977379679948096,0.19977379679948096,-0.023479998323310047,-0.027680747933663374,-0.035893989570909945,-3.9204877290164513,-3.956618621351302,-3.9025769721950647,true,,0.8752812397300098,0.0,0.6782491088808555,0.0,0.0,0.0,0.0
199,0.018943,9.715795062999998,635,0.19977379679948096,0.19977379679948096,-0.023479998323310047,-0.027680747933663374,-0.035893989570909945,-3.9204877290164513,-3.956618621351302,-3.9025769721950647,true,,0.8752812397300098,0.0,0.6782491088808555,0.0,0.0,0.0,0.0
200,0.019707149,9.735502211999998,637,0.19977243730453564,0.19977243730453564,-0.02348099116191049,-0.027683631052173974,-0.03589692502275588,-3.92048733223939,-3.9566024369770996,-3.9025633333974286,true,,0.8752812397300098,0.0,0.6782491088808555,0.0,0.0,0.0,0.0
201,0.019311746,9.754813957999998,640,0.19977009897908013,0.19977009897908013,-0.02349872672370712,-0.027712640859078874,-0.03592941886017398,-3.920486585531712,-3.9565925656836964,-3.902559741451716,true,,0.8752812397300098,0.0,0.6782491088808555,0.0,0.0,0.0,0.0
202,0.020247788,9.775061745999999,642,0.19977216832986186,0.19977216832986186,-0.023483412797889458,-0.027687694287145348,-0.03590150029451611,-3.9204864739894303,-3.9566006528312685,-3.902562565155872,true,,0.8752812397300098,0.0,0.6782491088808555,0.0,0.0,0.0,0.0
203,0.064549453,9.839611198999998,644,0.19977216832986186,0.19977216832986186,-0.023483412797889458,-0.027687694287145348,-0.03590150029451611,-3.9204864739894303,-3.9566006528312685,-3.902562565155872,true,,0.8752812397300098,0.0,0.6782491088808555,0.0,0.0,0.0,0.0
204,0.024539049,9.864150247999998,646,0.19977227812424161,0.19977227812424161,-0.023483757779831915,-0.02768808209495832,-0.03590173500233507,-3.920486268117469,-3.9566035867679052,-3.902556600934902,true,,0.8752812397300098,0.0,0.6782491088808555,0.0,0.0,0.0,0.0
205,0.019553364,9.883703611999998,650,0.19975076042483608,0.19975076042483608,-0.023440224513346708,-0.02767549279128312,-0.035845738707390606,-3.9204561562312135,-3.956736744044557,-3.902693001304031,true,,0.8752812397300098,0.0,0.6782491088808555,0.0,0.0,0.0,0.0
206,0.018697859,9.902401470999997,654,0.19975367644790737,0.19975367644790737,-0.02343841660569934,-0.02765803450116522,-0.035859866757887104,-3.9204543373086014,-3.956734160442475,-3.902707996726733,true,,0.8752812397300098,0.0,0.6782491088808555,0.0,0.0,0.0,0.0
207,0.019252506,9.921653976999998,656,0.1997535032827713,0.1997535032827713,-0.023439725015932833,-0.02766026393263321,-0.03586134781794592,-3.9204543327830317,-3.956734379788964,-3.9027079612956923,true,,0.8752812397300098,0.0,0.6782491088808555,0.0,0.0,0.0,0.0
208,0.023372282,9.945026258999999,658,0.19975353202595666,0.19975353202595666,-0.02343958874295793,-0.027658511402368524,-0.03586111953215643,-3.9204543175334314,-3.9567341907917934,-3.9027071983069495,true,,0.8752812397300098,0.0,0.6782491088808555,0.0,0.0,0.0,0.0
209,0.020638309,9.965664568,661,0.1997390355580702,0.1997390355580702,-0.023354913122158205,-0.027517249556929024,-0.03571622459289059,-3.9203884165070813,-3.9565985625123465,-3.902529978050138,true,,0.8752812397300098,0.0,0.6782491088808555,0.0,0.0,0.0,0.0
210,0.028001882,9.99366645,664,0.19972448160412243,0.19972448160412243,-0.023323089561588795,-0.02769839724464007,-0.035729828749503145,-3.920343096277647,-3.956829226327233,-3.902478669501939,true,,0.8752812397300098,0.0,0.6782491088808555,0.0,0.0,0.0,0.0
211,0.023068612,10.016735061999999,666,0.1997245484707712,0.1997245484707712,-0.023322989039308073,-0.02769834878978039,-0.03572993970570437,-3.920343078504447,-3.9568295153707025,-3.902479040517141,true,,0.8752812397300098,0.0,0.6782491088808555,0.0,0.0,0.0,0.0
212,0.01951106,10.036246121999998,666,0.1997245484707712,0.1997245484707712,-0.023322989039308073,-0.02769834878978039,-0.03572993970570437,-3.920343078504447,-3.9568295153707025,-3.902479040517141,true,,0.8752812397300098,0.0,0.6782491088808555,0.0,0.0,0.0,0.0
213,0.019717625,10.055963746999998,667,0.1997191313915011,0.1997191313915011,-0.023327459680373863,-0.02770221222537128,-0.03575378317870814,-3.9203404326039064,-3.9568313081661555,-3.902487299710377,true,,0.8752812397300098,0.0,0.6782491088808555,0.0,0.0,0.0,0.0
214,0.022327978,10.078291724999998,669,0.1997195453287396,0.1997195453287396,-0.02332421653364436,-0.027699131943188626,-0.03574943642101902,-3.9203408380528253,-3.956835962217284,-3.902475062412676,true,,0.8752812397300098,0.0,0.6782491088808555,0.0,0.0,0.0,0.0
215,0.020357129,10.098648853999999,671,0.19971851308152494,0.19971851308152494,-0.02333080554595368,-0.027705648773996172,-0.03575748925352773,-3.9203407916214603,-3.9568348827244084,-3.902477525846393,true,,0.8752812397300098,0.0,0.6782491088808555,0.0,0.0,0.0,0.0
216,0.018281813,10.116930666999998,674,0.19970274845261352,0.19970274845261352,-0.023345822350087087,-0.02775666479934813,-0.035715301374365294,-3.9203359025485307,-3.956878633208707,-3.9024497389040884,true,,0.8752812397300098,0.0,0.6782491088808555,0.0,0.0,0.0,0.0
217,0.02192765,10.138858316999999,676,0.19970158897995444,0.19970158897995444,-0.02335744031725473,-0.027770617324440527,-0.03572819830053764,-3.9203357527650184,-3.9568750509810684,-3.9024483472951847,true,,0.8752812397300098,0.0,0.6782491088808555,0.0,0.0,0.0,0.0
218,0.113315012,10.252173328999998,677,0.19971799380008184,0.19971799380008184,-0.023330318257961502,-0.027783594122351873,-0.03570872232903877,-3.920329829249529,-3.956869926168767,-3.9024691169476404,true,,0.8752812397300098,0.0,0.6782491088808555,0.0,0.0,0.0,0.0
